code,system
13348,gprdproduct
8466,gprdproduct
8467,gprdproduct
13501,gprdproduct
13503,gprdproduct
46632,gprdproduct
46678,gprdproduct
13502,gprdproduct
13505,gprdproduct
39119,gprdproduct
39444,gprdproduct
39639,gprdproduct
39755,gprdproduct
46924,gprdproduct
13504,gprdproduct
13644,gprdproduct
15006,gprdproduct
5305,gprdproduct
15376,gprdproduct
4446,gprdproduct
1781,gprdproduct
23078,gprdproduct
30202,gprdproduct
30203,gprdproduct
31511,gprdproduct
31937,gprdproduct
33711,gprdproduct
34019,gprdproduct
34086,gprdproduct
34087,gprdproduct
34088,gprdproduct
34095,gprdproduct
34299,gprdproduct
34416,gprdproduct
34417,gprdproduct
34418,gprdproduct
34517,gprdproduct
34526,gprdproduct
34576,gprdproduct
34691,gprdproduct
34758,gprdproduct
34864,gprdproduct
34918,gprdproduct
39866,gprdproduct
43407,gprdproduct
43408,gprdproduct
43409,gprdproduct
45,gprdproduct
47944,gprdproduct
51484,gprdproduct
51496,gprdproduct
51509,gprdproduct
53745,gprdproduct
53752,gprdproduct
61,gprdproduct
17965,gprdproduct
40143,gprdproduct
6262,gprdproduct
36099,gprdproduct
38041,gprdproduct
44866,gprdproduct
48070,gprdproduct
38044,gprdproduct
43655,gprdproduct
833,gprdproduct
39503,gprdproduct
42474,gprdproduct
47207,gprdproduct
47353,gprdproduct
47566,gprdproduct
54066,gprdproduct
47925,gprdproduct
48134,gprdproduct
48869,gprdproduct
50000,gprdproduct
53740,gprdproduct